"STATION","NAME","LATITUDE","LONGITUDE","ELEVATION","DATE","CDSD","CDSD_ATTRIBUTES","CLDD","CLDD_ATTRIBUTES","DP01","DP01_ATTRIBUTES","DP10","DP10_ATTRIBUTES","DSND","DSND_ATTRIBUTES","DSNW","DSNW_ATTRIBUTES","DT00","DT00_ATTRIBUTES","DT32","DT32_ATTRIBUTES","DX32","DX32_ATTRIBUTES","DX70","DX70_ATTRIBUTES","DX90","DX90_ATTRIBUTES","EMNT","EMNT_ATTRIBUTES","EMSD","EMSD_ATTRIBUTES","EMSN","EMSN_ATTRIBUTES","EMXP","EMXP_ATTRIBUTES","EMXT","EMXT_ATTRIBUTES","HDSD","HDSD_ATTRIBUTES","HTDD","HTDD_ATTRIBUTES","PRCP","PRCP_ATTRIBUTES","SNOW","SNOW_ATTRIBUTES","TAVG","TAVG_ATTRIBUTES","TMAX","TMAX_ATTRIBUTES","TMIN","TMIN_ATTRIBUTES"
"USC00181995","COLLEGE PARK, MD US","38.98333","-76.95","27.4","1895",,,,,"        89","6","        71","6",,,,,,,,,,,,,,,,,,,,,"52.3"," ,6,0408, ",,,,,,,"877.3"," ,6",,,,,,,,
"USC00181995","COLLEGE PARK, MD US","38.98333","-76.95","27.4","1896",,,,,,,,,,,,,,,,,,,,,,,,,,,,,,,,,"2432.3","3","2432.3"," ",,,,,,,,,,
"USC00181995","COLLEGE PARK, MD US","38.98333","-76.95","27.4","1898",,,,,,,,,,,,,"         0","6","        80","6","         6","6","       167","6","        48","6","-12.8","6,1214, ",,,,,,,"40.6","6,0702, ",,,,,,,,,"13.8","6","19.3","6","8.3","6"
"USC00181995","COLLEGE PARK, MD US","38.98333","-76.95","27.4","1900","877.4",,"877.4","6",,,,,,,,,"         0","6","       123","6","        17","6","       175","6","        69","6","-15.6","6,0202, ",,,,,,,"39.4","6,0811,+","2794.8","8","2794.8","6",,,,,"13.1","6","19.3","6","6.9","6"
"USC00181995","COLLEGE PARK, MD US","38.98333","-76.95","27.4","1901",,,,,"        59","6","        56","6",,,,,,,,,,,,,,,,,,,,,"70.9"," ,6,0806, ",,,,,,,"1239.3"," ,6",,,,,,,,
"USC00181995","COLLEGE PARK, MD US","38.98333","-76.95","27.4","1902","518.1",,"518.1","6",,,,,,,,,"         2","6","       114","6","        12","6","       179","6","        26","6","-19.4","6,0205, ",,,,,,,"37.8","6,0718, ",,,,,,,,,"12.0","6","18.7","6","5.2","6"
"USC00181995","COLLEGE PARK, MD US","38.98333","-76.95","27.4","1903","405.1",,"405.1","6",,,,,,,,,"         3","6","       124","6","        11","6","       165","6","        20","6","-18.9","6,0220, ",,,,,,,"35.6","6,0703, ","2634.9","9","2634.9","6",,,,,"11.7","6","18.5","6","4.9","6"
"USC00181995","COLLEGE PARK, MD US","38.98333","-76.95","27.4","1904",,,,,,,,,,,,,,,,,"        26","6","       143","6","        24","6",,,,,,,,,"36.7","6,0626, ","3187.7","7","3187.7","6",,,,,,,"17.3","6",,
"USC00181995","COLLEGE PARK, MD US","38.98333","-76.95","27.4","1905","540.0",,"540.0","6",,,,,,,,,"         2","6","       121","6","        18","6","       192","6","        27","6","-25.0","6,0131, ",,,,,,,"38.3","6,0718, ",,,,,,,,,"12.0","6","18.9","6","5.0","6"
"USC00181995","COLLEGE PARK, MD US","38.98333","-76.95","27.4","1906","623.6",,"623.6","6",,,,,,,,,"         0","6","       113","6","         9","6","       167","6","        30","6","-14.4","6,0206,+",,,,,,,"35.6","6,0806,+","2612.2","2","2612.2","6",,,,,"12.8","6","19.1","6","6.6","6"
"USC00181995","COLLEGE PARK, MD US","38.98333","-76.95","27.4","1907","398.9",,"398.9","6","       108","6","        84","6",,,,,"         2","6","       135","6","        16","6","       166","6","        17","6","-20.6","6,0207, ",,,,,"111.8"," ,6,0923, ","33.9","6,0708, ","2792.4","4","2792.4","6","1055.5"," ,6",,,"11.3","6","18.0","6","4.6","6"
"USC00181995","COLLEGE PARK, MD US","38.98333","-76.95","27.4","1908","486.0",,"486.0","6","        86","6","        68","6",,,,,"         2","6","       127","6","        12","6","       162","6","        35","6","-22.2","6,0209, ",,,,,"71.1"," ,6,0906,+","38.9","6,0712, ","2830.8","8","2830.8","6","911.4"," ,6",,,"11.9","6","18.7","6","5.1","6"
"USC00181995","COLLEGE PARK, MD US","38.98333","-76.95","27.4","1910","589.8",,"589.8","6",,,,,,,,,"         2","6","       121","6","         8","6","       182","6","        27","6","-20.0","6,1210, ",,,,,,,"35.6","6,0906,+",,,,,,,,,"12.5","6","19.0","6","6.0","6"
"USC00181995","COLLEGE PARK, MD US","38.98333","-76.95","27.4","1911",,,,,"       100","6","        78","6",,,,,"         0","6","       122","6","         1","6","       169","6","        60","6","-16.7","6,0124, ",,,,,"50.8"," ,6,1018, ","39.4","6,0703, ","2733.6","6","2733.6","6","934.3"," ,6",,,"13.3","6","20.1","6","6.5","6"
"USC00181995","COLLEGE PARK, MD US","38.98333","-76.95","27.4","1912",,,,,"       112","6","        84","6",,,,,,,,,,,,,,,,,,,,,"104.1"," ,6,0507, ",,,,,,,"1155.0"," ,6",,,,,,,,
"USC00181995","COLLEGE PARK, MD US","38.98333","-76.95","27.4","1913",,,,,"       105","6","        70","6",,,,,"         0","6","       103","6","         2","6","       177","6","        37","6","-13.3","6,0214,+",,,,,"73.7"," ,6,0412, ","37.8","6,0810,+","2217.7","7","2217.7","6","972.4"," ,6",,,"13.4","6","20.2","6","6.7","6"
"USC00181995","COLLEGE PARK, MD US","38.98333","-76.95","27.4","1914",,,,,,,,,,,,,"         3","6","       115","6","        11","6","       181","6","        41","6","-23.9","6,0225, ",,,,,,,"38.3","6,0723, ",,,,,,,,,"12.2","6","19.3","6","5.1","6"
"USC00181995","COLLEGE PARK, MD US","38.98333","-76.95","27.4","1915",,,,,,,,,,,,,,,,,,,,,,,,,,,,,,,,,,,,,,,,,,,,,,
"USC00181995","COLLEGE PARK, MD US","38.98333","-76.95","27.4","1917","497.6",,"497.6","6",,,,,,,,,"         5","6","       148","6","        16","6","       156","6","        18","6","-24.4","6,1230, ",,,,,,,"36.7","6,0731, ","2729.1","1","2729.1","6",,,,,"10.9","6","17.9","6","4.0","6"
"USC00181995","COLLEGE PARK, MD US","38.98333","-76.95","27.4","1918","545.9",,"545.9","6",,,,,,,,,"         7","6","       117","6","        18","6","       190","6","        35","6","-23.3","6,0205, ",,,,,,,"41.1","6,0806, ","3089.7","7","3089.7","6",,,,,"12.4","6","19.5","6","5.3","6"
"USC00181995","COLLEGE PARK, MD US","38.98333","-76.95","27.4","1919","609.1",,"609.1","6",,,,,,,,,"         1","6","       114","6","         6","6","       184","6","        25","6","-19.4","6,1221, ",,,,,,,"38.9","6,0704, ","2464.3","3","2464.3","6",,,,,"13.0","6","19.7","6","6.2","6"
"USC00181995","COLLEGE PARK, MD US","38.98333","-76.95","27.4","1920","459.7",,"459.7","6","       107","6","        77","6",,,,,"         0","6","       125","6","        13","6","       182","6","        17","6","-15.6","6,0106,+",,,,,"64.8"," ,6,0703, ","34.4","6,0724,+","2886.0","0","2886.0","6","1119.0"," ,6",,,"11.8","6","18.3","6","5.3","6"
"USC00181995","COLLEGE PARK, MD US","38.98333","-76.95","27.4","1921","682.2",,"682.2","6","       105","6","        71","6",,,,,"         0","6","        97","6","         3","6","       211","6","        43","6","-14.4","6,0119, ",,,,,"53.3"," ,6,0512, ","36.7","6,0902, ","2253.8","8","2253.8","6","866.5"," ,6",,,"14.0","6","20.9","6","7.1","6"
"USC00181995","COLLEGE PARK, MD US","38.98333","-76.95","27.4","1922","621.5",,"621.5","6","       109","6","        79","6",,,,,"         0","6","       111","6","        11","6","       193","6","        24","6","-17.2","6,0201, ",,,,,"75.2"," ,6,0902, ","35.0","6,0712, ","2500.2","2","2500.2","6","1087.0"," ,6",,,"13.0","6","19.5","6","6.6","6"
"USC00181995","COLLEGE PARK, MD US","38.98333","-76.95","27.4","1923","607.6",,"607.6","6","       112","6","        80","6",,,,,"         0","6","       112","6","         3","6","       186","6","        31","6","-13.9","6,0208, ",,,,,"38.9"," ,6,0307, ","37.2","6,0621, ","2603.9","9","2603.9","6","947.1"," ,6",,,"12.8","6","19.6","6","6.0","6"
"USC00181995","COLLEGE PARK, MD US","38.98333","-76.95","27.4","1924","449.3",,"449.3","6","       105","6","        80","6",,,,,"         0","6","       127","6","         6","6","       162","6","        23","6","-17.2","6,0122, ",,,,,"82.8"," ,6,0930, ","38.9","6,0806, ","2726.8","8","2726.8","6","1234.1"," ,6",,,"11.6","6","18.2","6","5.0","6"
"USC00181995","COLLEGE PARK, MD US","38.98333","-76.95","27.4","1925","679.5",,"679.5","6",,,,,,,,,"         1","6","       119","6","         4","6","       171","6","        51","6","-17.8","6,0128, ",,,,,,,"38.3","6,0605, ","2677.4","4","2677.4","6",,,,,"12.9","6","19.7","6","6.0","6"
"USC00181995","COLLEGE PARK, MD US","38.98333","-76.95","27.4","1926","598.0",,"598.0","6",,,,,,,,,"         1","6","       128","6","         8","6","       166","6","        31","6","-17.8","6,0113, ",,,,,,,"38.9","6,0722,+","2764.6","6","2764.6","6",,,,,"12.0","6","18.6","6","5.4","6"
"USC00181995","COLLEGE PARK, MD US","38.98333","-76.95","27.4","1927","479.7",,"479.7","6","       113","6","        79","6",,,,,"         0","6","       100","6","         6","6","       193","6","        23","6","-15.0","6,0127, ",,,,,"58.9"," ,6,0422, ","36.7","6,0728, ","2711.4","4","2711.4","6","967.1"," ,6",,,"12.8","6","19.4","6","6.2","6"
"USC00181995","COLLEGE PARK, MD US","38.98333","-76.95","27.4","1928","573.4",,"573.4","6","       108","6","        70","6",,,,,"         1","6","       111","6","         9","6","       172","6","        26","6","-21.7","6,0130, ",,,,,"148.1"," ,6,0812, ","36.1","6,0805, ","2535.9","9","2535.9","6","1064.8"," ,6",,,"12.6","6","19.1","6","6.2","6"
"USC00181995","COLLEGE PARK, MD US","38.98333","-76.95","27.4","1929","584.1",,"584.1","6","       116","6","        79","6",,,,,"         0","6","       110","6","         8","6","       180","6","        38","6","-15.0","6,0114, ",,,,,"54.6"," ,6,0416, ","35.6","6,0903,+","2527.4","4","2527.4","6","1007.0"," ,6",,,"12.9","6","19.6","6","6.2","6"
"USC00181995","COLLEGE PARK, MD US","38.98333","-76.95","27.4","1930","776.7",,"776.7","6","        93","6","        54","6",,,,,"         3","6","       112","6","         6","6","       182","6","        71","6","-20.6","6,0131,+",,,,,"30.7"," ,6,0407, ","41.7","6,0720, ","2506.2","2","2506.2","6","505.5"," ,6",,,"13.4","6","20.8","6","6.0","6"
"USC00181995","COLLEGE PARK, MD US","38.98333","-76.95","27.4","1931","730.6",,"730.6","6","       120","6","        75","6",,,,,"         0","6","        97","6","         0","6","       188","6","        45","6","-13.9","6,0116, ",,,,,"51.8"," ,6,0601, ","37.8","6,0922,+","2654.2","2","2654.2","6","889.1"," ,6",,,"13.8","6","20.3","6","7.4","6"
"USC00181995","COLLEGE PARK, MD US","38.98333","-76.95","27.4","1932","634.9",,"634.9","6",,,,,,,,,"         0","6","        96","6","         5","6","       182","6","        49","6","-16.7","6,1221, ",,,,,,,"41.1","6,0901, ","2114.4","4","2114.4","6",,,,,"13.5","6","20.3","6","6.8","6"
"USC00181995","COLLEGE PARK, MD US","38.98333","-76.95","27.4","1933","651.8",,"651.8","6",,,,,,,,,"         0","6","        99","6","         6","6","       169","6","        40","6","-15.0","6,0212, ",,,,,,,"37.2","6,0609, ","2458.9","9","2458.9","6",,,,,"13.3","6","19.4","6","7.1","6"
"USC00181995","COLLEGE PARK, MD US","38.98333","-76.95","27.4","1934","729.6",,"729.6","6",,,,,,,,,"         8","6","       117","6","        17","6","       177","6","        44","6","-25.6","6,0228, ",,,,,,,"38.9","6,0629, ","2803.4","4","2803.4","6",,,,,"12.7","6","19.3","6","6.2","6"
"USC00181995","COLLEGE PARK, MD US","38.98333","-76.95","27.4","1935","608.8",,"608.8","6",,,,,,,,,"         4","6","       101","6","        17","6","       187","6","        32","6","-27.2","6,0128, ",,,,,,,"36.7","6,0813, ","2590.3","3","2590.3","6",,,,,"12.6","6","18.9","6","6.4","6"
"USC00181995","COLLEGE PARK, MD US","38.98333","-76.95","27.4","1936","724.1",,"724.1","6",,,,,,,,,"         4","6","       113","6","        23","6","       194","6","        48","6","-24.4","6,0208, ",,,,,,,"41.1","6,0710, ","2761.5","5","2761.5","6",,,,,"12.8","6","19.3","6","6.3","6"
"USC00181995","COLLEGE PARK, MD US","38.98333","-76.95","27.4","1937","652.3",,"652.3","6",,,,,,,,,"         0","6","       106","6","         2","6","       173","6","        38","6","-12.8","6,1212, ",,,,,,,"36.1","6,0710, ","2393.5","5","2393.5","6",,,,,"13.1","6","19.4","6","6.8","6"
"USC00181995","COLLEGE PARK, MD US","38.98333","-76.95","27.4","1938","626.1",,"626.1","6","       136","6","        84","6",,,,,"         0","6","       100","6","         5","6","       182","6","        33","6","-13.9","6,1126, ",,,,,"58.9"," ,6,0805, ","35.6","6,0816,+","2516.7","7","2516.7","6","895.6"," ,6",,,"13.5","6","20.1","6","6.9","6"
"USC00181995","COLLEGE PARK, MD US","38.98333","-76.95","27.4","1939","741.3",,"741.3","6","       122","6","        72","6",,,,,"         0","6","       111","6","         6","6","       181","6","        47","6","-15.6","6,0120, ",,,,,"72.6"," ,6,0905, ","37.2","6,0908,+","2426.5","5","2426.5","6","1001.8"," ,6",,,"13.5","6","20.0","6","7.0","6"
"USC00181995","COLLEGE PARK, MD US","38.98333","-76.95","27.4","1940","552.8",,"552.8","6",,,,,,,,,"         2","6","       116","6","        17","6","       161","6","        28","6","-21.1","6,0129, ",,,,,,,"37.8","6,0727, ","2946.4","4","2946.4","6",,,,,"11.8","6","17.9","6","5.7","6"
"USC00181995","COLLEGE PARK, MD US","38.98333","-76.95","27.4","1941","732.0",,"732.0","6",,,,,,,,,"         0","6","       119","6","         3","6","       187","6","        48","6","-11.1","6,0121, ",,,,,,,"37.2","6,0728, ","2695.0","0","2695.0","6",,,,,"13.2","6","20.0","6","6.4","6"
"USC00181995","COLLEGE PARK, MD US","38.98333","-76.95","27.4","1942","689.8",,"689.8","6","       118","6","        75","6",,,,,"         3","6","       101","6","        10","6","       194","6","        39","6","-21.7","6,1221, ",,,,,"110.5"," ,6,0809, ","36.7","6,0720,+","2385.2","2","2385.2","6","1388.1"," ,6",,,"13.2","6","19.4","6","7.1","6"
"USC00181995","COLLEGE PARK, MD US","38.98333","-76.95","27.4","1943","782.0",,"782.0","6",,,,,,,,,"         0","6","       115","6","        10","6","       175","6","        69","6","-16.7","6,0216, ",,,,,,,"38.3","6,0814, ","2576.4","4","2576.4","6",,,,,"13.1","6","19.7","6","6.4","6"
"USC00181995","COLLEGE PARK, MD US","38.98333","-76.95","27.4","1944","714.5",,"714.5","6","       127","6","        79","6",,,"         5","6","         0","6","       114","6","         6","6","       182","6","        52","6","-11.7","6,0114, ",,,"89.0"," ,6,0116, ","97.3"," ,6,0802, ","36.7","6,0619,+","2603.5","5","2603.5","6","1068.4"," ,6","357.0"," ,6","13.1","6","19.5","6","6.6","6"
"USC00181995","COLLEGE PARK, MD US","38.98333","-76.95","27.4","1945","650.3",,"650.3","6",,,,,,,"         6","6","         0","6","       101","6","        12","6","       200","6","        26","6","-16.1","6,1224, ",,,"152.0"," ,6,1219, ",,,"36.1","6,0701,+","2541.5","5","2541.5","6",,,"473.0"," ,6","13.2","6","19.5","6","6.9","6"
"USC00181995","COLLEGE PARK, MD US","38.98333","-76.95","27.4","1946","513.9",,"513.9","6","       111","6","        70","6",,,,,"         1","6","        96","6","         2","6","       200","6","        20","6","-17.8","6,0128, ",,,,,"33.0"," ,6,0923,+","36.7","6,0720, ","2413.8","8","2413.8","6","883.0"," ,6",,,"13.7","6","20.4","6","6.9","6"
"USC00181995","COLLEGE PARK, MD US","38.98333","-76.95","27.4","1947","692.0",,"692.0","6","       117","6","        83","6",,,"         8","6","         0","6","       117","6","         2","6","       187","6","        23","6","-14.4","6,0205,+",,,"127.0"," ,6,0221, ","102.6"," ,6,0614, ","35.0","6,0815,+","2429.5","5","2429.5","6","1147.7"," ,6","606.0"," ,6","13.0","6","19.3","6","6.7","6"
"USC00181995","COLLEGE PARK, MD US","38.98333","-76.95","27.4","1948","624.5",,"624.5","0","       130","0","        84","0",,,,,"         2","0","       100","0","        13","0","       179","0","        26","0","-20.0","0,0126, ",,,,,"70.6"," ,0,0801, ","37.8","0,0828, ","2603.5","5","2603.5","0","1493.8"," ,0",,,"13.1","0","19.3","0","7.0","0"
"USC00181995","COLLEGE PARK, MD US","38.98333","-76.95","27.4","1949",,,,,"       118","0","        80","0","        5",,"         3","0",,,,,"         0","0","       185","0","        33","0",,,"76"," ,0,0210, ","152.0"," ,0,0228, ","47.5"," ,0,0618, ","36.1","0,0811,+","2179.3","3","2179.3"," ","1033.8"," ,0","342.0"," ,0",,,"20.7","0",,
"USC00181995","COLLEGE PARK, MD US","38.98333","-76.95","27.4","1950","487.5",,"487.5","0","       119","0","        84","0","        3",,"         3","0","         0","0","       102","0","         5","0","       181","0","        14","0","-12.8","0,1227, ","25"," ,0,1222,+","25.0"," ,0,1222,+","94.7"," ,0,0820, ","34.4","0,0624, ",,,,,"1187.8"," ,0","75.0"," ,0","12.9","0","19.1","0","6.6","0"
"USC00181995","COLLEGE PARK, MD US","38.98333","-76.95","27.4","1951","656.6",,"656.6","0","       102","0","        73","0","       11",,"         4","0","         0","0","       103","0","         9","0","       184","0","        42","0","-16.1","0,1217, ","76"," ,0,1214, ","79.0"," ,0,1214, ","58.2"," ,0,0610, ","35.6","0,0901,+","2489.9","9","2489.9","0","1088.2"," ,0","177.0"," ,0","13.3","0","19.9","0","6.8","0"
"USC00181995","COLLEGE PARK, MD US","38.98333","-76.95","27.4","1952",,,,,,,,,,,,,,,,,,,,,,,,,,,,,,,,,,,,,,,,,,,,,,
"USC00181995","COLLEGE PARK, MD US","38.98333","-76.95","27.4","1953",,,,,,,,,,,,,,,,,,,,,,,,,,,,,,,,,,,,,,,,,,,,,,
"USC00181995","COLLEGE PARK, MD US","38.98333","-76.95","27.4","1954",,,,,,,,,,,,,,,,,,,,,,,,,,,,,,,,,,,,,,,,,,,,,,
"USC00181995","COLLEGE PARK, MD US","38.98333","-76.95","27.4","1955","723.7",,"723.7","0","       105","0","        64","0","        8",,"         5","0","         0","0","       112","0","        11","0","       195","0","        43","0","-16.7","0,0205,+","76"," ,0,0211, ","89.0"," ,0,0211, ","139.7"," ,0,0813, ","38.3","0,0803,+","2526.1","1","2526.1","0","1085.7"," ,0","241.0"," ,0","13.2","0","19.8","0","6.7","0"
"USC00181995","COLLEGE PARK, MD US","38.98333","-76.95","27.4","1956","639.5",,"639.5","0","       135","0","        84","0","        6",,"         6","0","         0","0","        98","0","         1","0","       167","0","        45","0","-12.2","0,0128, ","51"," ,0,0318,+","53.0"," ,0,0119, ","41.1"," ,0,0927, ","36.1","0,0702,+","2686.3","3","2686.3","0","901.7"," ,0","225.0"," ,0","13.3","0","19.7","0","7.0","0"
"USC00181995","COLLEGE PARK, MD US","38.98333","-76.95","27.4","1957","770.3",,"770.3","0","       120","0","        78","0","       10",,"         6","0","         3","0","        97","0","         6","0","       168","0","        59","0","-22.8","0,0118, ","229"," ,0,1204, ","241.0"," ,0,1204, ","54.6"," ,0,0605, ","38.9","0,0722, ","2324.8","8","2324.8","0","934.1"," ,0","540.0"," ,0","13.7","0","20.0","0","7.3","0"
"USC00181995","COLLEGE PARK, MD US","38.98333","-76.95","27.4","1958","587.1",,"587.1","0","       105","0","        68","0","       18",,"         6","0","         0","0","       104","0","        15","0","       175","0","        35","0","-16.1","0,0217, ","305"," ,0,0218,+","229.0"," ,0,0216, ","98.3"," ,0,0709, ","35.6","0,0731,+","2662.8","8","2662.8","0","1218.4"," ,0","601.0"," ,0","12.2","0","18.2","0","6.2","0"
"USC00181995","COLLEGE PARK, MD US","38.98333","-76.95","27.4","1959","884.3",,"884.3","0","       107","0","        68","0","        5",,"         2","0","         0","0","       110","0","         6","0","       193","0","        55","0","-17.2","0,0118, ","51"," ,0,0127,+","46.0"," ,0,0116, ","77.2"," ,0,0808, ","38.9","0,0630, ","2582.4","4","2582.4","0","934.5"," ,0","87.0"," ,0","14.1","0","20.6","0","7.4","0"
"USC00181995","COLLEGE PARK, MD US","38.98333","-76.95","27.4","1960","645.2",,"645.2","0","       105","0","        69","0","       41",,"        10","0","         2","0","       116","0","        10","0","       184","0","        30","0","-19.4","0,1223, ","305"," ,0,1212, ","211.0"," ,0,0303, ","79.5"," ,0,0912, ","35.0","0,0723,+","2564.2","2","2564.2","0","1070.4"," ,0","884.0"," ,0","12.7","0","19.1","0","6.3","0"
"USC00181995","COLLEGE PARK, MD US","38.98333","-76.95","27.4","1961","760.1",,"760.1","0","       130","0","        88","0","       33",,"        13","0","         5","0","       102","0","        14","0","       180","0","        48","0","-22.8","0,0122, ","381"," ,0,0204, ","152.0"," ,0,0203,+","74.9"," ,0,0826, ","36.1","0,0723, ","2758.1","1","2758.1","0","1052.6"," ,0","812.0"," ,0","13.2","0","19.4","0","7.0","0"
"USC00181995","COLLEGE PARK, MD US","38.98333","-76.95","27.4","1962","648.2",,"648.2","0","       114","0","        68","0","       27",,"        11","0","         0","0","       109","0","        13","0","       179","0","        33","0","-16.1","0,0211, ","178"," ,0,1229,+","127.0"," ,0,1225, ","48.8"," ,0,1110,+","37.8","0,0820, ","2523.4","4","2523.4","0","927.8"," ,0","763.0"," ,0","12.6","0","18.9","0","6.3","0"
"USC00181995","COLLEGE PARK, MD US","38.98333","-76.95","27.4","1963","585.5",,"585.5","0","        94","0","        61","0","       26",,"         4","0","         1","0","       109","0","        20","0","       189","0","        33","0","-21.1","0,0129, ","152"," ,0,1223, ","152.0"," ,0,1223, ","70.6"," ,0,0821, ","36.1","0,0727,+","2684.9","9","2684.9","0","1009.4"," ,0","266.0"," ,0","12.6","0","19.3","0","5.9","0"
"USC00181995","COLLEGE PARK, MD US","38.98333","-76.95","27.4","1964","709.3",,"709.3","0","        93","0","        66","0","       15",,"         5","0","         2","0","       104","0","         4","0","       178","0","        51","0","-18.9","0,0115, ","203"," ,0,0114,+","203.0"," ,0,0113, ","49.5"," ,0,0920, ","37.2","0,0630, ","2572.4","4","2572.4","0","881.4"," ,0","571.0"," ,0","13.5","0","20.1","0","6.9","0"
"USC00181995","COLLEGE PARK, MD US","38.98333","-76.95","27.4","1965","710.8",,"710.8","0","        94","0","        61","0","       13",,"         6","0","         1","0","       103","0","         6","0","       173","0","        50","0","-19.4","0,0131, ","102"," ,0,0110, ","127.0"," ,0,0110, ","65.0"," ,0,0305, ","36.1","0,0818,+","2483.8","8","2483.8","0","753.5"," ,0","394.0"," ,0","13.4","0","19.8","0","6.9","0"
"USC00181995","COLLEGE PARK, MD US","38.98333","-76.95","27.4","1966","725.3",,"725.3","0","        95","0","        67","0","       25",,"        11","0","         0","0","       109","0","         8","0","       172","0","        57","0","-17.2","0,0206, ","432"," ,0,0131,+","279.0"," ,0,0130, ","134.6"," ,0,0914, ","38.9","0,0703, ","2597.8","8","2597.8","0","996.6"," ,0","1019.0"," ,0","13.0","0","19.1","0","6.8","0"
"USC00181995","COLLEGE PARK, MD US","38.98333","-76.95","27.4","1967","555.5",,"555.5","0","       100","0","        69","0","       19",,"         6","0","         2","0","       111","0","         3","0","       180","0","        26","0","-20.0","0,0208, ","254"," ,0,1130,+","267.0"," ,0,0207, ","73.7"," ,0,0703, ","35.0","0,0613, ","2590.7","7","2590.7","0","1060.9"," ,0","785.0"," ,0","12.6","0","19.2","0","6.0","0"
"USC00181995","COLLEGE PARK, MD US","38.98333","-76.95","27.4","1968","696.7",,"696.7","0","        99","0","        69","0","       16",,"         3","0","         1","0","        95","0","        13","0","       190","0","        39","0","-17.8","0,0102, ","76"," ,0,0102,+","84.0"," ,0,0312, ","52.1"," ,0,0528, ","36.7","0,0823, ","2645.0","0","2645.0","0","1031.0"," ,0","202.0"," ,0","13.5","0","19.6","0","7.4","0"
"USC00181995","COLLEGE PARK, MD US","38.98333","-76.95","27.4","1969",,,,,"        99","0","        68","0","        6",,"         6","0",,,,,,,,,,,,,"127"," ,0,1226, ","127.0"," ,0,1226, ","78.7"," ,0,0810, ",,,,,,,"1095.0"," ,0","425.0"," ,0",,,,,,
"USC00181995","COLLEGE PARK, MD US","38.98333","-76.95","27.4","1970","801.5",,"801.5","0","        79","0","        60","0","       15",,"         3","0","         0","0","        92","0","        10","0","       181","0","        56","0","-15.0","0,0123,+","102"," ,0,0107, ","104.0"," ,0,0107, ","93.7"," ,0,0710, ","36.1","0,0922, ",,,,,"1018.3"," ,0","234.0"," ,0","13.6","0","19.6","0","7.7","0"
"USC00181995","COLLEGE PARK, MD US","38.98333","-76.95","27.4","1971","716.8",,"716.8","0","        73","0","        51","0","        6",,"         2","0","         0","0","        89","0","        14","0","       183","0","        32","0","-12.8","0,0203, ","203"," ,0,0101, ","203.0"," ,0,0101, ","63.8"," ,0,0513, ","35.6","0,0708, ","2470.1","1","2470.1","0","1379.0"," ,0","228.0"," ,0","13.8","0","19.8","0","7.9","0"
"USC00181995","COLLEGE PARK, MD US","38.98333","-76.95","27.4","1972","645.4",,"645.4","0",,,,,"        6",,"         5","0","         0","0","        86","0","         5","0","       176","0","        23","0","-16.7","0,0116, ","76"," ,0,0220,+","89.0"," ,0,0224, ",,,"36.1","0,0724, ","2205.6","6","2205.6","0","1424.0"," ,0","342.0"," ,0","13.5","0","19.1","0","7.9","0"
"USC00181995","COLLEGE PARK, MD US","38.98333","-76.95","27.4","1973",,,,,,,,,,,"         0","0",,,,,,,,,,,,,,,"0.0","T,0,1211,+",,,,,"2333.2","2","2333.2"," ","1171.2"," ,0","213.0"," ,0",,,,,,
"USC00181995","COLLEGE PARK, MD US","38.98333","-76.95","27.4","1974","635.7",,"635.7","0","       104","0","        77","0","        3",,"         1","0","         0","0","        90","0","         0","0","       189","0","        30","0","-13.3","0,0210, ","178"," ,0,0208, ","165.0"," ,0,0208, ","59.4"," ,0,0330, ","35.6","0,0709, ",,,,,"1011.9"," ,0","183.0"," ,0","13.8","0","19.9","0","7.8","0"
"USC00181995","COLLEGE PARK, MD US","38.98333","-76.95","27.4","1975","706.0",,"706.0","0","        97","0","        71","0","        5",,"         4","0","         0","0","        86","0","         2","0","       181","0","        36","0","-11.7","0,0115, ","102"," ,0,0120, ","97.0"," ,0,0120, ","141.7"," ,0,0926, ","37.2","0,0826,+","2347.3","3","2347.3","0","1475.6"," ,0","262.0"," ,0","14.0","0","19.4","0","8.5","0"
"USC00181995","COLLEGE PARK, MD US","38.98333","-76.95","27.4","1976","692.8",,"692.8","0","        91","0","        68","0","        8",,"         2","0","         0","0","       104","0","        15","0","       178","0","        34","0","-14.4","0,0119, ","127"," ,0,0310, ","94.0"," ,0,0309, ","73.7"," ,0,0916, ","35.6","0,0629,+","2138.8","8","2138.8","0","1118.7"," ,0","249.0"," ,0","13.1","0","18.9","0","7.2","0"
"USC00181995","COLLEGE PARK, MD US","38.98333","-76.95","27.4","1977","825.7",,"825.7","0","       105","0","        62","0","       26",,"         3","0","         1","0","        89","0","        29","0","       186","0","        44","0","-18.3","0,0117, ","152"," ,0,0107, ","104.0"," ,0,0107, ","47.0"," ,0,1027, ","38.3","0,0707, ","2756.9","9","2756.9","0","921.6"," ,0","235.0"," ,0","13.4","0","19.1","0","7.8","0"
"USC00181995","COLLEGE PARK, MD US","38.98333","-76.95","27.4","1978","733.1",,"733.1","0","       107","0","        71","0","       31",,"         9","0","         0","0","       104","0","        22","0","       164","0","        33","0","-13.9","0,0123, ","178"," ,0,0120, ","117.0"," ,0,0120, ","54.9"," ,0,0109, ","36.7","0,0724, ","2808.3","3","2808.3","0","1166.7"," ,0","782.0"," ,0","12.7","0","18.2","0","7.2","0"
"USC00181995","COLLEGE PARK, MD US","38.98333","-76.95","27.4","1979","636.8",,"636.8","0","       126","0","        89","0","       26",,"         7","0","         3","0","        88","0","        22","0","       173","0","        12","0","-20.6","0,0214, ","635"," ,0,0219, ","457.0"," ,0,0219, ","160.8"," ,0,0906, ","35.6","0,0811, ","2620.1","1","2620.1","0","1504.3"," ,0","906.0"," ,0","12.8","0","18.0","0","7.6","0"
"USC00181995","COLLEGE PARK, MD US","38.98333","-76.95","27.4","1980","811.0",,"811.0","0","       114","0","        77","0","       11",,"         5","0","         0","0","        94","0","        20","0","       174","0","        51","0","-14.4","0,1226, ","152"," ,0,0302,+","163.0"," ,0,0302, ","40.9"," ,0,0723, ","38.9","0,0717, ","2499.5","5","2499.5","0","958.9"," ,0","514.0"," ,0","13.2","0","18.7","0","7.7","0"
"USC00181995","COLLEGE PARK, MD US","38.98333","-76.95","27.4","1981","659.7",,"659.7","0","       101","0","        71","0","        9",,"         3","0","         1","0","        94","0","        16","0","       159","0","        26","0","-17.8","0,0113, ","51"," ,0,1217,+","51.0"," ,0,1216,+","47.8"," ,0,0614, ","35.6","0,0720,+","2619.8","8","2619.8","0","909.7"," ,0","168.0"," ,0","13.0","0","18.4","0","7.5","0"
"USC00181995","COLLEGE PARK, MD US","38.98333","-76.95","27.4","1982","651.9",,"651.9","0","       119","0","        69","0","       26",,"         8","0","         2","0","        94","0","        16","0","       172","0","        21","0","-21.7","0,0117, ","229"," ,0,0123, ","152.0"," ,0,1212, ","52.8"," ,0,0715, ","35.6","0,0719, ","2754.9","9","2754.9","0","936.3"," ,0","670.0"," ,0","13.1","0","18.6","0","7.6","0"
"USC00181995","COLLEGE PARK, MD US","38.98333","-76.95","27.4","1983","793.6",,"793.6","0","       113","0","        77","0",,,"         3","0","         1","0","        79","0","        10","0","       165","0","        57","0","-18.3","0,0213, ",,,"381.0"," ,0,0212, ","58.9"," ,0,0806, ","39.4","0,0821, ","2348.5","5","2348.5","0","1382.4"," ,0","555.0"," ,0","13.4","0","18.9","0","8.0","0"
"USC00181995","COLLEGE PARK, MD US","38.98333","-76.95","27.4","1984","728.9",,"728.9","0","       114","0","        73","0",,,"         3","0","         2","0","        88","0","        12","0","       169","0","        33","0","-21.7","0,0122, ",,,"97.0"," ,0,0309, ","48.8"," ,0,0329, ","36.1","0,0609, ","2700.3","3","2700.3","0","999.6"," ,0","280.0"," ,0","13.5","0","19.0","0","8.1","0"
"USC00181995","COLLEGE PARK, MD US","38.98333","-76.95","27.4","1985","757.8",,"757.8","0","       113","0","        67","0","       16",,"         5","0","         1","0","        89","0","        17","0","       189","0","        33","0","-20.6","0,0121, ","102"," ,0,0131, ","104.0"," ,0,0131, ","97.0"," ,0,0927, ","36.7","0,0906,+","2103.6","6","2103.6","0","940.2"," ,0","315.0"," ,0","13.9","0","19.6","0","8.3","0"
"USC00181995","COLLEGE PARK, MD US","38.98333","-76.95","27.4","1986","835.4",,"835.4","0","       107","0","        75","0","       14",,"         6","0","         0","0","        86","0","        12","0","       184","0","        51","0","-11.7","0,0308,+","102"," ,0,0225, ","114.0"," ,0,0223, ","51.1"," ,0,0809, ","37.8","0,0719, ","2326.6","6","2326.6","0","940.7"," ,0","445.0"," ,0","13.9","0","19.6","0","8.2","0"
"USC00181995","COLLEGE PARK, MD US","38.98333","-76.95","27.4","1987","835.2",,"835.2","0","        93","0","        68","0",,,"         6","0","         1","0","        86","0","         7","0","       177","0","        60","0","-21.1","0,0128, ",,,"330.0"," ,0,0123, ","53.6"," ,0,0913, ","37.8","0,0722,+","2310.8","8","2310.8","0","1026.8"," ,0","1133.0"," ,0","13.8","0","19.8","0","7.9","0"
"USC00181995","COLLEGE PARK, MD US","38.98333","-76.95","27.4","1988","803.1",,"803.1","0","        92","0","        71","0",,,"         3","0","         0","0","       101","0","        19","0","       155","0","        59","0","-16.7","0,0111, ",,,"157.0"," ,0,0108, ","48.8"," ,0,1128, ","40.0","0,0816,+","2568.3","3","2568.3","0","934.9"," ,0","291.0"," ,0","13.1","0","18.8","0","7.3","0"
"USC00181995","COLLEGE PARK, MD US","38.98333","-76.95","27.4","1989","731.7",,"731.7","0","       111","0","        84","0",,,"         4","0","         0","0","       101","0","        21","0","       169","0","        25","0","-15.6","0,1223,+",,,"102.0"," ,0,1212,+","58.9"," ,0,0505, ","35.6","0,0712, ","2522.5","5","2522.5","0","1226.7"," ,0","331.0"," ,0","12.9","0","18.1","0","7.8","0"
"USC00181995","COLLEGE PARK, MD US","38.98333","-76.95","27.4","1990",,,,,"        98","0","        71","0",,,"         0","0",,,,,"         4","0","       181","0","        34","0",,,,,"5.0"," ,0,0320, ","73.9"," ,0,0806, ","37.8","0,0710,+","2350.2","2","2350.2","0","1115.7"," ,0","5.0"," ,0",,,"20.5","0",,
"USC00181995","COLLEGE PARK, MD US","38.98333","-76.95","27.4","1991","988.2",,"988.2","0","       103","0","        67","0","        3",,"         3","0","         0","0","        82","0","         2","0","       192","0","        65","0","-11.7","0,0123, ","51"," ,0,0111,+","51.0"," ,0,0111,+","100.1"," ,0,0725, ","39.4","0,0724,+",,,,,"1044.9"," ,0","127.0"," ,0","15.0","0","20.8","0","9.2","0"
"USC00181995","COLLEGE PARK, MD US","38.98333","-76.95","27.4","1992",,,,,,,,,,,,,,,,,,,,,,,,,,,,,,,,,"2277.0","0","2277.0"," ",,,,,,,,,,
"USC00181995","COLLEGE PARK, MD US","38.98333","-76.95","27.4","1993",,,,,"       106","0","        75","0","        8",,"         3","0",,,,,,,,,,,,,"152"," ,0,0315,+","152.0"," ,0,0314, ","108.5"," ,0,1128, ",,,,,,,"1287.8"," ,0","279.0"," ,0",,,,,,
"USC00181995","COLLEGE PARK, MD US","38.98333","-76.95","27.4","1994",,,,,"       112","0","        74","0","       13",,"         6","0",,,,,,,,,,,,,"102"," ,0,0302,+","102.0"," ,0,0302, ","42.9"," ,0,0923, ",,,,,,,"1109.6"," ,0","322.0"," ,0",,,,,,
"USC00181995","COLLEGE PARK, MD US","38.98333","-76.95","27.4","1995",,,,,,,,,,,,,,,,,,,,,,,,,,,,,,,,,,,,,,,,,,,,,,
"USC00181995","COLLEGE PARK, MD US","38.98333","-76.95","27.4","1996",,,,,,,,,,,,,,,,,,,,,,,,,,,,,,,,,,,,,,,,,,,,,,
"USC00180700","BELTSVILLE, MD US","39.0302","-76.9315","44.2","1948",,,,,"       139","0","        88","0",,,,,"         4","0","       119","0",,,,,,,"-21.1","0,0126, ",,,,,"65.5"," ,0,0801, ",,,,,,,"1398.8"," ,0",,,,,,,"5.4","0"
"USC00180700","BELTSVILLE, MD US","39.0302","-76.9315","44.2","1949","612.0",,"612.0","0","       132","0","        73","0",,,,,"         0","0","       107","0","         1","0","       171","0","        21","0","-12.2","0,1217, ",,,,,"40.1"," ,0,0818, ","36.7","0,0706, ","2564.8","8","2564.8","0","983.6"," ,0",,,"12.9","0","19.1","0","6.7","0"
"USC00180700","BELTSVILLE, MD US","39.0302","-76.9315","44.2","1950","390.8",,"390.8","0","       135","0","        86","0",,,,,"         0","0","       123","0","         9","0","       162","0","         9","0","-13.3","0,1228,+",,,,,"123.2"," ,0,0820, ","33.9","0,0801,+","2683.5","5","2683.5","0","1199.3"," ,0",,,"11.6","0","17.7","0","5.5","0"
"USC00180700","BELTSVILLE, MD US","39.0302","-76.9315","44.2","1951","518.8",,"518.8","0","       112","0","        61","0",,,"         2","0","         1","0","       129","0","        12","0","       169","0","        25","0","-18.3","0,1217, ",,,"51.0"," ,0,0201, ","57.7"," ,0,0604, ","35.0","0,0817,+","2840.0","0","2840.0","0","1056.3"," ,0","102.0"," ,0","12.0","0","18.6","0","5.4","0"
"USC00180700","BELTSVILLE, MD US","39.0302","-76.9315","44.2","1952","581.6",,"581.6","0","       142","0","        84","0",,,,,"         0","0","       119","0","         4","0","       162","0","        35","0","-14.4","0,0131, ",,,,,"115.3"," ,0,0901, ","37.2","0,0729,+","2747.2","2","2747.2","0","1279.3"," ,0",,,"12.3","0","18.6","0","6.1","0"
"USC00180700","BELTSVILLE, MD US","39.0302","-76.9315","44.2","1953","581.8",,"581.8","0","        97","0","        69","0","        2",,"         4","0","         0","0","       115","0","         3","0","       180","0","        40","0","-10.6","0,1219, ","51"," ,0,0308,+","178.0"," ,0,1107, ","70.4"," ,0,0906, ","38.3","0,0901, ","2588.6","6","2588.6","0","1073.8"," ,0","318.0"," ,0","13.0","0","19.7","0","6.2","0"
"USC00180700","BELTSVILLE, MD US","39.0302","-76.9315","44.2","1954","564.7",,"564.7","0","       117","0","        68","0",,,"         4","0","         0","0","       132","0","        13","0","       173","0","        31","0","-16.1","0,0114, ",,,"178.0"," ,0,0111, ","45.0"," ,0,0610, ","38.9","0,0801, ","2709.4","4","2709.4","0","816.4"," ,0","419.0"," ,0","12.2","0","19.0","0","5.4","0"
"USC00180700","BELTSVILLE, MD US","39.0302","-76.9315","44.2","1955","600.5",,"600.5","0","       105","0","        59","0",,,"         5","0","         1","0","       131","0","        14","0","       187","0","        33","0","-18.3","0,0213, ",,,"102.0"," ,0,0212, ","238.3"," ,0,0813, ","37.8","0,0803, ","2801.6","6","2801.6","0","1102.4"," ,0","306.0"," ,0","12.0","0","18.6","0","5.5","0"
"USC00180700","BELTSVILLE, MD US","39.0302","-76.9315","44.2","1956","488.4",,"488.4","0","       123","0","        77","0","       13",,"         4","0","         0","0","       122","0","         4","0","       154","0","        28","0","-15.0","0,0128, ","152"," ,0,0319, ","150.0"," ,0,0319, ","62.5"," ,0,0721, ","35.6","0,0615,+","3035.6","6","3035.6","0","966.5"," ,0","366.0"," ,0","11.8","0","18.2","0","5.3","0"
"USC00180700","BELTSVILLE, MD US","39.0302","-76.9315","44.2","1957","585.6",,"585.6","0","       102","0","        75","0","       17",,"         9","0","         4","0","       123","0","         9","0","       154","0","        38","0","-26.1","0,0118, ","279"," ,0,1205, ","102.0"," ,0,1204, ","56.6"," ,0,0917, ","38.9","0,0723,+","2705.0","0","2705.0","0","965.0"," ,0","434.0"," ,0","12.2","0","18.6","0","5.8","0"
"USC00180700","BELTSVILLE, MD US","39.0302","-76.9315","44.2","1958","460.7",,"460.7","0","       101","0","        77","0",,,,,"         1","0","       124","0","        24","0","       162","0","        17","0","-18.9","0,0217, ",,,,,"91.9"," ,0,0709, ","33.3","0,0707,+","2970.7","7","2970.7","0","1197.9"," ,0",,,"11.0","0","17.0","0","5.1","0"
"USC00180700","BELTSVILLE, MD US","39.0302","-76.9315","44.2","1959","707.2",,"707.2","0","        99","0","        71","0","        6",,"         2","0","         1","0","       119","0","        12","0","       177","0","        37","0","-17.8","0,0119, ","51"," ,0,0118,+","51.0"," ,0,0117, ","52.3"," ,0,0809, ","37.8","0,0701, ","2885.1","1","2885.1","0","938.5"," ,0","97.0"," ,0","12.7","0","19.1","0","6.3","0"
"USC00180700","BELTSVILLE, MD US","39.0302","-76.9315","44.2","1960","507.7",,"507.7","0","        89","0","        74","0",,,,,"         3","0","       138","0","        18","0","       166","0","        16","0","-21.1","0,1223, ",,,,,"81.3"," ,0,0912, ","33.9","0,0831,+","2818.8","8","2818.8","0","1038.3"," ,0",,,"11.4","0","17.7","0","5.2","0"
"USC00180700","BELTSVILLE, MD US","39.0302","-76.9315","44.2","1961","606.2",,"606.2","0","       104","0","        77","0",,,"         7","0","         7","0","       120","0","        17","0","       165","0","        29","0","-22.2","0,0129, ",,,"229.0"," ,0,0204, ","47.8"," ,0,0413, ","35.0","0,0725,+","3025.0","0","3025.0","0","1005.5"," ,0","724.0"," ,0","11.9","0","18.0","0","5.7","0"
"USC00180700","BELTSVILLE, MD US","39.0302","-76.9315","44.2","1962","503.4",,"503.4","0","       100","0","        65","0","       24",,"         9","0","         1","0","       128","0","        22","0","       164","0","        20","0","-17.8","0,0211, ","203"," ,0,1229, ","203.0"," ,0,0306, ","48.8"," ,0,1110, ","37.2","0,0821, ","2868.7","7","2868.7","0","833.5"," ,0","841.0"," ,0","11.4","0","17.6","0","5.1","0"
"USC00180700","BELTSVILLE, MD US","39.0302","-76.9315","44.2","1963","431.8",,"431.8","0","        81","0","        55","0",,,"         4","0","         5","0","       131","0","        28","0","       167","0","        25","0","-23.9","0,0129, ",,,"145.0"," ,0,1224, ","69.3"," ,0,1107, ","36.1","0,0728, ","3103.0","0","3103.0","0","947.1"," ,0","310.0"," ,0","11.0","0","17.7","0","4.3","0"
"USC00180700","BELTSVILLE, MD US","39.0302","-76.9315","44.2","1964","547.7",,"547.7","0","        84","0","        59","0","       15",,"         7","0","         2","0","       133","0","        11","0","       166","0","        38","0","-21.7","0,0115, ","229"," ,0,0116,+","127.0"," ,0,0113, ","37.1"," ,0,1126, ","36.7","0,0701, ","2957.1","1","2957.1","0","707.4"," ,0","561.0"," ,0","11.9","0","18.6","0","5.3","0"
"USC00180700","BELTSVILLE, MD US","39.0302","-76.9315","44.2","1965","561.0",,"561.0","0","        98","0","        56","0","       13",,"         7","0","         3","0","       130","0","        15","0","       162","0","        33","0","-20.0","0,0131, ","127"," ,0,0111, ","127.0"," ,0,0111, ","46.0"," ,0,0305, ","35.0","0,0819,+","2911.7","7","2911.7","0","694.4"," ,0","482.0"," ,0","11.8","0","18.3","0","5.2","0"
"USC00180700","BELTSVILLE, MD US","39.0302","-76.9315","44.2","1966","577.0",,"577.0","0","        96","0","        69","0","       22",,"         8","0","         1","0","       128","0","        18","0","       153","0","        38","0","-17.8","0,0206, ","533"," ,0,0130, ","381.0"," ,0,0130, ","111.8"," ,0,0915, ","37.2","0,0704, ","2928.4","4","2928.4","0","982.8"," ,0","1137.0"," ,0","11.6","0","17.8","0","5.4","0"
"USC00180700","BELTSVILLE, MD US","39.0302","-76.9315","44.2","1967",,,,,"        98","0","        59","0","       12",,"         8","0","         3","0","       116","0","        11","0","       155","0","        15","0","-21.1","0,0208, ","254"," ,0,1202,+","254.0"," ,0,1201, ","77.0"," ,0,0703, ","33.9","0,0617, ","2851.2","2","2851.2","0","951.1"," ,0","706.0"," ,0","11.3","0","17.6","0","5.0","0"
"USC00180700","BELTSVILLE, MD US","39.0302","-76.9315","44.2","1968",,,,,"        84","0","        58","0",,,,,,,,,"        22","0","       168","0","        29","0",,,,,,,"60.2"," ,0,0703, ","35.6","0,0826,+",,,,,"1029.6"," ,0",,,,,"18.0","0",,
"USC00180700","BELTSVILLE, MD US","39.0302","-76.9315","44.2","1969","553.2",,"553.2","0","       103","0","        68","0","        9",,"         5","0","         0","0","       133","0","        11","0","       172","0","        19","0","-15.0","0,0106, ","102"," ,0,1227,+","102.0"," ,0,1226, ","104.6"," ,0,0810, ","36.1","0,0719, ","2771.4","4","2771.4","0","1070.4"," ,0","285.0"," ,0","11.7","0","17.7","0","5.7","0"
"USC00180700","BELTSVILLE, MD US","39.0302","-76.9315","44.2","1970","607.6",,"607.6","0","       103","0","        71","0","       15",,"         5","0","         0","0","       113","0","        15","0","       165","0","        29","0","-16.7","0,0123,+","102"," ,0,0109,+","76.0"," ,0,0215, ","69.9"," ,0,0820, ","34.4","0,0924,+","3109.8","8","3109.8","0","992.0"," ,0","254.0"," ,0","12.0","0","18.0","0","6.0","0"
"USC00180700","BELTSVILLE, MD US","39.0302","-76.9315","44.2","1971","509.7",,"509.7","0","       106","0","        73","0","        6",,"         3","0","         0","0","       115","0","        21","0","       166","0","        12","0","-15.0","0,0203,+","229"," ,0,0101, ","229.0"," ,0,0101, ","95.0"," ,0,0912, ","33.3","0,0710,+","2844.9","9","2844.9","0","1417.8"," ,0","279.0"," ,0","12.1","0","18.0","0","6.3","0"
"USC00180700","BELTSVILLE, MD US","39.0302","-76.9315","44.2","1972","463.4",,"463.4","0","       137","0","        93","0","        4",,,,"         1","0","       115","0","         8","0","       157","0","        15","0","-18.3","0,0117, ","76"," ,0,0218, ",,,"119.4"," ,0,0622, ","35.6","0,0722,+","2634.8","8","2634.8","0","1503.4"," ,0",,,"11.8","0","17.7","0","5.9","0"
"USC00180700","BELTSVILLE, MD US","39.0302","-76.9315","44.2","1973",,,,,"       115","0","        77","0",,,"         1","0",,,,,"        12","0","       169","0","        29","0",,,,,"178.0"," ,0,1217, ","49.8"," ,0,0402, ","36.7","0,0715, ","2619.5","5","2619.5","0","1127.5"," ,0","191.0"," ,0",,,"19.0","0",,
"USC00180700","BELTSVILLE, MD US","39.0302","-76.9315","44.2","1974","465.0",,"465.0","0","       109","0","        78","0","        3",,"         2","0","         0","0","       120","0","         5","0","       168","0","        12","0","-10.6","0,0114, ","152"," ,0,0209, ","152.0"," ,0,0209, ","65.5"," ,0,1202, ","35.0","0,0710, ",,,,,"1046.9"," ,0","241.0"," ,0","12.3","0","18.7","0","6.0","0"
"USC00180700","BELTSVILLE, MD US","39.0302","-76.9315","44.2","1975","528.1",,"528.1","0","       127","0","        92","0","        2",,"         2","0","         0","0","       111","0","         8","0","       176","0","        20","0","-13.3","0,0115, ","127"," ,0,0205, ","114.0"," ,0,0205, ","129.5"," ,0,0926, ","35.6","0,0804,+","2613.5","5","2613.5","0","1521.6"," ,0","203.0"," ,0","12.6","0","18.5","0","6.8","0"
"USC00180700","BELTSVILLE, MD US","39.0302","-76.9315","44.2","1976","526.0",,"526.0","0","       100","0","        74","0",,,"         2","0","         0","0","       130","0","        19","0","       171","0","        32","0","-16.7","0,0119, ",,,"51.0"," ,0,0310, ","58.4"," ,0,0101, ","34.4","0,0419, ","2477.3","3","2477.3","0","1070.1"," ,0","135.0"," ,0","11.8","0","18.2","0","5.3","0"
"USC00180700","BELTSVILLE, MD US","39.0302","-76.9315","44.2","1977",,,,,"       103","0","        68","0",,,,,,,,,"        31","0","       175","0","        41","0",,,,,,,"84.6"," ,0,1218, ","37.8","0,0707, ","3004.2","2","3004.2","0","1002.5"," ,0",,,,,"19.0","0",,
"USC00180700","BELTSVILLE, MD US","39.0302","-76.9315","44.2","1978","564.3",,"564.3","0","       101","0","        74","0",,,"         9","0","         0","0","       119","0","        20","0","       162","0","        21","0","-16.1","0,0123, ",,,"140.0"," ,0,0120, ","51.1"," ,0,0327, ","36.1","0,0724, ",,,,,"1088.2"," ,0","571.0"," ,0","11.6","0","17.9","0","5.4","0"
"USC00180700","BELTSVILLE, MD US","39.0302","-76.9315","44.2","1979",,,,,"       121","0","        83","0","       17",,"         2","0","         7","0","       110","0",,,,,,,"-24.4","0,0210, ","381"," ,0,0220, ","183.0"," ,0,0213, ","124.0"," ,0,0906, ",,,,,,,"1498.5"," ,0","498.0"," ,0",,,,,"6.1","0"
"USC00180700","BELTSVILLE, MD US","39.0302","-76.9315","44.2","1980",,,,,"       111","0","        71","0",,,,,"         0","0","       111","0","        20","0","       168","0","        39","0","-16.7","0,1226, ",,,,,"43.2"," ,0,0428, ","37.2","0,0717, ",,,,,"946.4"," ,0",,,"12.1","0","18.1","0","6.0","0"
"USC00180700","BELTSVILLE, MD US","39.0302","-76.9315","44.2","1981",,,,,"       105","0","        62","0","       10",,"         2","0","         4","0","       101","0","        13","0","       142","0","        16","0","-20.6","0,0113, ","51"," ,0,1217,+","51.0"," ,0,1216, ","64.3"," ,0,0916, ","35.0","0,0617, ","2663.1","1","2663.1","0","810.2"," ,0","119.0"," ,0","11.7","0","17.7","0","5.8","0"
"USC00180700","BELTSVILLE, MD US","39.0302","-76.9315","44.2","1982","502.8",,"502.8","0","       121","0","        66","0",,,"         5","0","         5","0","       109","0","        17","0","       169","0","        15","0","-24.4","0,0111, ",,,"140.0"," ,0,0114, ","36.6"," ,0,1129, ","35.0","0,0719, ",,,,,"877.1"," ,0","395.0"," ,0","12.1","0","18.3","0","5.9","0"
"USC00180700","BELTSVILLE, MD US","39.0302","-76.9315","44.2","1983","632.1",,"632.1","0",,,,,,,,,"         0","0","        96","0","        10","0","       153","0","        49","0","-17.2","0,1227, ",,,,,,,"38.9","0,0821, ","2439.6","6","2439.6","0","1403.2"," ,0",,,"12.4","0","18.3","0","6.5","0"
"USC00180700","BELTSVILLE, MD US","39.0302","-76.9315","44.2","1984","549.4",,"549.4","0","       127","0","        79","0",,,"         4","0","         4","0","       100","0","        13","0","       153","0","        25","0","-24.4","0,0122, ",,,"114.0"," ,0,0119, ","54.1"," ,0,0329, ","35.0","0,0614,+","2901.8","8","2901.8","0","1025.8"," ,0","267.0"," ,0","12.4","0","18.1","0","6.6","0"
"USC00180700","BELTSVILLE, MD US","39.0302","-76.9315","44.2","1985","552.3",,"552.3","0","       111","0","        72","0","       10",,"         3","0","         2","0","       101","0","        20","0","       173","0","        25","0","-19.4","0,0122,+","102"," ,0,0131, ","94.0"," ,0,0131, ","89.7"," ,0,0927, ","36.1","0,0906,+","2485.9","9","2485.9","0","906.8"," ,0","240.0"," ,0","12.6","0","18.7","0","6.6","0"
"USC00180700","BELTSVILLE, MD US","39.0302","-76.9315","44.2","1986",,,,,"       109","0","        69","0","       14",,"         6","0",,,,,"        12","0","       172","0","        37","0",,,"127"," ,0,0225, ","114.0"," ,0,0225, ","55.1"," ,0,1225, ","37.2","0,0719, ",,,,,"902.1"," ,0","437.0"," ,0",,,"18.6","0",,
"USC00180700","BELTSVILLE, MD US","39.0302","-76.9315","44.2","1987",,,,,"       112","0","        71","0",,,"         6","0",,,,,,,,,,,,,,,"343.0"," ,0,0126, ","53.8"," ,0,1028, ",,,,,,,"928.1"," ,0","1191.0"," ,0",,,,,,
"USC00180700","BELTSVILLE, MD US","39.0302","-76.9315","44.2","1988","654.1",,"654.1","0","       104","0","        67","0","       15",,"         3","0","         1","0","       113","0","        18","0","       152","0","        53","0","-17.8","0,0112, ","178"," ,0,0108, ","178.0"," ,0,0108, ","72.4"," ,0,0104, ","39.4","0,0717, ",,,,,"1021.1"," ,0","284.0"," ,0","12.1","0","18.4","0","5.8","0"
"USC00180700","BELTSVILLE, MD US","39.0302","-76.9315","44.2","1989","614.5",,"614.5","0","       133","0","        83","0","       27",,"         4","0","         2","0","       109","0","        16","0","       161","0","        21","0","-18.3","0,1223, ","152"," ,0,1213, ","102.0"," ,0,1209,+","57.4"," ,0,0506, ","37.2","0,0712, ","2608.8","8","2608.8","0","1282.6"," ,0","372.0"," ,0","12.2","0","17.8","0","6.5","0"
"USC00180700","BELTSVILLE, MD US","39.0302","-76.9315","44.2","1990","635.0",,"635.0","0","       124","0","        76","0","        1",,"         1","0","         0","0","        91","0","         3","0","       178","0","        29","0","-11.1","0,1225,+","76"," ,0,1228, ","76.0"," ,0,1228, ","65.8"," ,0,0806, ","38.3","0,0707,+","2407.0","0","2407.0","0","1125.8"," ,0","86.0"," ,0","13.7","0","20.2","0","7.3","0"
"USC00180700","BELTSVILLE, MD US","39.0302","-76.9315","44.2","1991","796.1",,"796.1","0","       113","0","        73","0","        1",,"         1","0","         0","0","       100","0","         4","0","       180","0","        46","0","-14.4","0,0216, ","76"," ,0,0108, ","76.0"," ,0,0108, ","50.5"," ,0,0725, ","38.3","0,0724, ","2313.8","8","2313.8","0","924.9"," ,0","81.0"," ,0","13.8","0","20.1","0","7.6","0"
"USC00180700","BELTSVILLE, MD US","39.0302","-76.9315","44.2","1992",,,,,"       121","0","        76","0","        5",,"         3","0","         0","0","        89","0",,,,,,,"-13.3","0,0120, ","102"," ,0,0126, ","102.0"," ,0,0126, ","43.7"," ,0,0702, ",,,"2571.4","4","2571.4","0","1011.9"," ,0","178.0"," ,0",,,,,"6.5","0"
"USC00180700","BELTSVILLE, MD US","39.0302","-76.9315","44.2","1993",,,,,"       109","0","        73","0","       13",,"         5","0",,,,,,,,,,,,,"229"," ,0,0313, ","229.0"," ,0,0313, ","104.1"," ,0,1128, ",,,,,,,"1266.3"," ,0","445.0"," ,0",,,,,,
"USC00180700","BELTSVILLE, MD US","39.0302","-76.9315","44.2","1996","616.3",,"616.3","0","       120","0","        90","0","       24",,"        12","0","         2","0","       102","0","        17","0","       162","0","        14","0","-20.0","0,0205, ","610"," ,0,0113, ","254.0"," ,0,0108, ","68.8"," ,0,0618, ","35.0","0,0521, ",,,,,"1402.3"," ,0","1300.0"," ,0","12.3","0","17.7","0","6.9","0"
"USC00180700","BELTSVILLE, MD US","39.0302","-76.9315","44.2","1997","599.6",,"599.6","0","        94","0","        63","0","       13",,"         4","0","         0","0","        87","0","         6","0","       164","0","        37","0","-15.6","0,0120, ","127"," ,0,0209, ","102.0"," ,0,0209, ","53.3"," ,0,1108, ","38.9","0,0818, ","2516.4","4","2516.4","0","892.2"," ,0","266.0"," ,0","12.9","0","18.8","0","7.1","0"
"USC00180700","BELTSVILLE, MD US","39.0302","-76.9315","44.2","1998",,,,,,,,,,,"         1","0",,,,,,,,,,,,,,,"25.0"," ,0,1224, ",,,,,"2264.8","8","2264.8","0",,,"25.0"," ,0",,,,,,
"USC00180700","BELTSVILLE, MD US","39.0302","-76.9315","44.2","1999",,,,,,,,,"       13",,"         7","0",,,,,,,,,,,,,"178"," ,0,0310, ","178.0"," ,0,0310, ",,,,,,,,,,,"421.0"," ,0",,,,,,
"USC00180700","BELTSVILLE, MD US","39.0302","-76.9315","44.2","2000","573.5",,"573.5","0","       106","0","        78","0","       27",,"         9","0","         0","0","       103","0","        19","0","       166","0","        16","0","-13.9","0,0129, ","229"," ,0,0128,+","152.0"," ,0,0125, ","48.8"," ,0,0926, ","36.7","0,0810,+",,,,,"1041.6"," ,0","544.0"," ,0","12.6","0","18.1","0","7.1","0"
"USC00180700","BELTSVILLE, MD US","39.0302","-76.9315","44.2","2001","576.8",,"576.8","0","        99","0","        69","0","        6",,"         3","0","         0","0","       100","0","         5","0","       177","0","        16","0","-10.0","0,0122,+","102"," ,0,0223, ","102.0"," ,0,0223, ","48.5"," ,0,0705, ","36.1","0,0810, ","2745.8","8","2745.8","0","960.3"," ,0","204.0"," ,0","13.1","0","19.0","0","7.2","0"
"USC00180700","BELTSVILLE, MD US","39.0302","-76.9315","44.2","2002","765.1",,"765.1","0","        97","0","        63","0","       13",,"         6","0","         0","0","        95","0","         7","0","       168","0","        45","0","-13.9","0,1207, ","178"," ,0,1206, ","102.0"," ,0,1206, ","52.1"," ,0,0829, ","36.7","0,0814,+","2276.7","7","2276.7","0","912.2"," ,0","330.0"," ,0","13.6","0","19.1","0","8.0","0"
"USC00180700","BELTSVILLE, MD US","39.0302","-76.9315","44.2","2003","589.6",,"589.6","0","       150","0","       110","0","       38",,"        12","0","         0","0","        97","0","        18","0","       157","0","        14","0","-15.0","0,0118, ","483"," ,0,0218, ","279.0"," ,0,0217, ","66.3"," ,0,0923, ","33.9","0,0823, ","2891.9","9","2891.9","0","1602.7"," ,0","1002.0"," ,0","12.3","0","17.3","0","7.3","0"
"USC00180700","BELTSVILLE, MD US","39.0302","-76.9315","44.2","2004","671.8",,"671.8","0","       123","0","        82","0","       13",,"         3","0","         0","0","        97","0","        23","0","       173","0","         8","0","-14.4","0,0110, ","178"," ,0,0128, ","152.0"," ,0,0126, ","103.9"," ,0,0705, ","33.3","0,0610, ","2580.4","4","2580.4","0","1181.3"," ,0","202.0"," ,0","13.0","0","18.2","0","7.9","0"
"USC00180700","BELTSVILLE, MD US","39.0302","-76.9315","44.2","2005","733.8",,"733.8","0","       100","0","        69","0","       23",,"         7","0","         0","0","        96","0","        13","0","       167","0","        32","0","-13.9","0,0125,+","102"," ,0,0301,+","102.0"," ,0,0301, ","140.7"," ,0,1008, ","35.6","0,0814,+","2589.6","6","2589.6","0","1150.9"," ,0","495.0"," ,0","13.1","0","18.5","0","7.7","0"
"USC00180700","BELTSVILLE, MD US","39.0302","-76.9315","44.2","2006","684.1",,"684.1","0","        99","0","        60","0","        5",,"         1","0","         0","0","        80","0","         1","0","       171","0","        34","0","-10.6","0,0219, ","254"," ,0,0212, ","254.0"," ,0,0212, ","120.7"," ,0,0626, ","36.1","0,0804,+","2393.6","6","2393.6","0","1019.4"," ,0","254.0"," ,0","13.9","0","19.6","0","8.1","0"
"USC00180700","BELTSVILLE, MD US","39.0302","-76.9315","44.2","2007","781.8",,"781.8","0","        94","0","        59","0","       22",,"         7","0","         0","0","        95","0","        14","0","       184","0","        46","0","-12.8","0,0206, ","127"," ,0,0226,+","127.0"," ,0,0226,+","83.8"," ,0,1027, ","38.3","0,0809, ","2483.1","1","2483.1","0","775.4"," ,0","469.0"," ,0","13.5","0","19.1","0","7.8","0"
"USC00180700","BELTSVILLE, MD US","39.0302","-76.9315","44.2","2008","646.0",,"646.0","0","       119","0","        70","0","        5",,"         1","0","         0","0","        98","0","         6","0","       175","0","        19","0","-12.2","0,0121, ","51"," ,0,0119,+","51.0"," ,0,0118, ","75.9"," ,0,0512, ","36.1","0,0611,+","2394.7","7","2394.7","0","1010.7"," ,0","80.0"," ,0","13.1","0","18.7","0","7.6","0"
"USC00180700","BELTSVILLE, MD US","39.0302","-76.9315","44.2","2009","616.0",,"616.0","0","       135","0","        89","0","       16",,"         6","0","         0","0","       100","0","        14","0","       167","0","        13","0","-16.1","0,0118,+","457"," ,0,1220, ","254.0"," ,0,1220, ","108.5"," ,0,0526, ","33.9","0,0819,+","2648.3","3","2648.3","0","1345.4"," ,0","731.0"," ,0","12.8","0","17.9","0","7.7","0"
"USC00180700","BELTSVILLE, MD US","39.0302","-76.9315","44.2","2010","869.4",,"869.4","0","       116","0","        72","0","       31",,"         8","0","         0","0","        93","0","        14","0","       182","0","        52","0","-14.4","0,0131, ","559"," ,0,0206, ","559.0"," ,0,0206, ","58.7"," ,0,0818, ","37.8","0,0725,+","2481.6","6","2481.6","0","1003.7"," ,0","1176.0"," ,0","13.6","0","19.0","0","8.3","0"
"USC00180700","BELTSVILLE, MD US","39.0302","-76.9315","44.2","2011","834.6",,"834.6","7","       132","7","        85","7","       11",,"         4","7","         0","7","        96","7","         8","7","       176","7","        34","7","-12.2","7,0124, ","127"," ,7,0129,+","102.0"," ,7,0127, ","113.5"," ,7,0828, ","38.9","7,0723, ","2574.2","2","2574.2","7","1365.2"," ,7","219.0"," ,7","14.0","7","19.3","7","8.7","7"
"USC00180700","BELTSVILLE, MD US","39.0302","-76.9315","44.2","2012","775.5",,"775.5","7","       109","7","        63","7","        4",,"         1","7","         0","7","        76","7","         5","7","       184","7","        37","7","-10.0","7,0104, ","25"," ,7,0123,+","25.0"," ,7,0120, ","130.8"," ,7,1030, ","38.3","7,0708, ","2124.7","7","2124.7","7","849.4"," ,7","59.0"," ,7","14.4","7","19.9","7","8.8","7"
"USC00180700","BELTSVILLE, MD US","39.0302","-76.9315","44.2","2013",,,,,,,,,,,,,,,,,,,,,,,,,,,,,,,,,"2568.7","7","2568.7","7",,,,,,,,,,
"USC00180700","BELTSVILLE, MD US","39.0302","-76.9315","44.2","2014","582.6",,"582.6","7","       123","7","        81","7","       26",,"        10","7","         0","7","       110","7","        20","7","       166","7","        16","7","-16.7","7,0123, ","229"," ,7,0213, ","229.0"," ,7,0213, ","73.9"," ,7,0501, ","35.0","7,0703, ",,,,,"1220.9"," ,7","895.0"," ,7","12.2","7","17.5","7","6.9","7"
"USC00180700","BELTSVILLE, MD US","39.0302","-76.9315","44.2","2015","746.6",,"746.6","7","       131","7","        85","7","       33",,"        10","7","         0","7","        96","7","        19","7","       178","7","        21","7","-17.2","7,0221, ","178"," ,7,0306,+","152.0"," ,7,0306, ","59.9"," ,7,0602, ","34.4","7,0818, ","2815.2","2","2815.2","7","1107.6"," ,7","726.0"," ,7","13.3","7","18.7","7","7.9","7"
"USC00180700","BELTSVILLE, MD US","39.0302","-76.9315","44.2","2016","819.5",,"819.5","7","       119","7","        72","7","       17",,"         5","7","         0","7","        90","7","        13","7","       173","7","        40","7","-13.3","7,0125, ","457"," ,7,0124, ","356.0"," ,7,0123, ","52.3"," ,7,0816, ","37.8","7,0726, ","2301.4","4","2301.4","7","968.0"," ,7","651.0"," ,7","13.8","7","19.3","7","8.3","7"
"USC00180700","BELTSVILLE, MD US","39.0302","-76.9315","44.2","2017","714.1",,"714.1","7","       123","7","        79","7","        7",,"         2","7","         0","7","        80","7","         9","7","       184","7","        23","7","-11.7","7,0109, ","76"," ,7,0314, ","66.0"," ,7,0314, ","106.2"," ,7,0729, ","35.0","7,0720,+","2216.1","1","2216.1","7","1047.3"," ,7","183.0"," ,7","14.0","7","19.3","7","8.7","7"
"USC00180700","BELTSVILLE, MD US","39.0302","-76.9315","44.2","2018","856.6",,"856.6","7","       132","7","        84","7","        6",,"         4","7","         0","7","       101","7","        12","7","       167","7","        27","7","-15.6","7,0107, ","127"," ,7,0322, ","102.0"," ,7,0322, ","102.1"," ,7,0722, ","37.2","7,0703, ","2584.3","3","2584.3","7","1674.8"," ,7","244.0"," ,7","13.5","7","18.3","7","8.6","7"
"USC00180700","BELTSVILLE, MD US","39.0302","-76.9315","44.2","2019","832.0",,"832.0","7","       121","7","        75","7","       11",,"         7","7","         0","7","        94","7","         7","7","       181","7","        40","7","-13.3","7,0202,+","229"," ,7,0114, ","137.0"," ,7,0114, ","48.0"," ,7,0322, ","36.1","7,0722, ","2471.4","4","2471.4","7","1040.0"," ,7","501.0"," ,7","13.9","7","19.2","7","8.6","7"
"USC00180700","BELTSVILLE, MD US","39.0302","-76.9315","44.2","2020","734.4",,"734.4","7","       132","7","        90","7","        2",,"         2","7","         0","7","        72","7","         0","7","       168","7","        29","7","-8.3","7,0215, ","25"," ,7,1217,+","51.0"," ,7,0108, ","70.4"," ,7,1112, ","36.1","7,0720, ","2358.6","6","2358.6","7","1459.0"," ,7","76.0"," ,7","14.1","7","19.3","7","8.9","7"
"USC00180700","BELTSVILLE, MD US","39.0302","-76.9315","44.2","2021","782.2",,"782.2","7","       111","7","        69","7","        8",,"         3","7","         0","7","        98","7","         7","7","       182","7","        37","7","-6.7","7,0307,+","76"," ,7,0202, ","58.0"," ,7,0201, ","56.4"," ,7,0810, ","35.6","7,0814, ","2381.7","7","2381.7","7","1077.7"," ,7","183.0"," ,7","14.1","7","19.5","7","8.6","7"
"USC00180700","BELTSVILLE, MD US","39.0302","-76.9315","44.2","2022","725.0",,"725.0","7","       118","7","        84","7","       10",,"         5","7","         0","7","       102","7","        14","7","       175","7","        30","7","-14.4","7,1225,+","152"," ,7,0107,+","152.0"," ,7,0104, ","70.6"," ,7,0703, ","36.1","7,0805,+","2348.3","3","2348.3","7","1161.5"," ,7","372.0"," ,7","13.3","7","18.9","7","7.6","7"
"USC00180700","BELTSVILLE, MD US","39.0302","-76.9315","44.2","2023","659.2",,"659.2","7","       106","7","        61","7","        0",,"         0","7","         0","7","        80","7","         1","7","       177","7","        22","7","-10.0","7,0204, ","0","T,7,1211,+","13.0"," ,7,1211,+","62.2"," ,7,1122, ","36.1","7,0907, ","2297.3","3","2297.3","7","967.3"," ,7","26.0"," ,7","14.1","7","19.9","7","8.4","7"
"USC00180700","BELTSVILLE, MD US","39.0302","-76.9315","44.2","2024",,,,,,,,,,,,,,,,,,,,,,,,,,,,,,,,,,,,,,,,,,,,,,
"USC00180705","BELTSVILLE PLANT STATION, MD US","39.01667","-76.95","29.9","1949","578.8",,"578.8","0","       108","0","        75","0","        1",,"         2","0","         0","0","       113","0","         1","0","       169","0","        25","0","-13.3","0,1217, ","102"," ,0,0228, ","102.0"," ,0,0228, ","44.5"," ,0,0829, ","36.7","0,0706, ",,,,,"984.9"," ,0","166.0"," ,0","12.8","0","19.4","0","6.3","0"
"USC00180705","BELTSVILLE PLANT STATION, MD US","39.01667","-76.95","29.9","1950","386.6",,"386.6","0","       115","0","        81","0",,,,,"         0","0","       118","0","        11","0","       168","0","         9","0","-15.0","0,1227, ",,,,,"71.1"," ,0,0820, ","34.4","0,0627, ","2705.9","9","2705.9","0","1185.3"," ,0",,,"11.5","0","17.8","0","5.2","0"
"USC00180705","BELTSVILLE PLANT STATION, MD US","39.01667","-76.95","29.9","1951","491.7",,"491.7","0","        99","0","        71","0","       11",,"         2","0","         1","0","       125","0","        12","0","       167","0","        29","0","-19.4","0,1217, ","76"," ,0,0211,+","51.0"," ,0,0208, ","53.6"," ,0,0610, ","35.6","0,0723, ","2874.6","6","2874.6","0","1071.0"," ,0","97.0"," ,0","11.9","0","18.8","0","5.0","0"
"USC00180705","BELTSVILLE PLANT STATION, MD US","39.01667","-76.95","29.9","1952","534.6",,"534.6","0","       125","0","        88","0","        4",,"         5","0","         0","0","       122","0","         3","0","       164","0","        34","0","-14.4","0,0131,+","102"," ,0,0301, ","102.0"," ,0,0301, ","107.4"," ,0,0901, ","37.2","0,0627, ","2740.2","2","2740.2","0","1248.0"," ,0","318.0"," ,0","12.1","0","18.6","0","5.6","0"
"USC00180705","BELTSVILLE PLANT STATION, MD US","39.01667","-76.95","29.9","1953","547.2",,"547.2","0","        98","0","        67","0","        6",,"         5","0","         0","0","       119","0","         3","0","       180","0","        42","0","-13.9","0,1219, ","178"," ,0,1107, ","178.0"," ,0,1107, ","72.9"," ,0,0906, ","37.8","0,0903,+","2659.0","0","2659.0","0","1076.8"," ,0","364.0"," ,0","12.7","0","19.7","0","5.6","0"
"USC00180705","BELTSVILLE PLANT STATION, MD US","39.01667","-76.95","29.9","1954","567.6",,"567.6","0","       112","0","        67","0","       12",,"         6","0","         3","0","       138","0","        11","0","       174","0","        33","0","-18.9","0,0113,+","152"," ,0,0115,+","152.0"," ,0,0111, ","53.3"," ,0,0616, ","37.8","0,0801, ","2782.6","6","2782.6","0","829.1"," ,0","393.0"," ,0","12.1","0","19.1","0","5.1","0"
"USC00180705","BELTSVILLE PLANT STATION, MD US","39.01667","-76.95","29.9","1955","564.7",,"564.7","0","       101","0","        64","0","        9",,"         6","0","         1","0","       126","0","        13","0","       184","0","        34","0","-18.3","0,0203, ","51"," ,0,1119,+","102.0"," ,0,0212, ","167.6"," ,0,0813, ","37.2","0,0803, ","2821.9","9","2821.9","0","1023.0"," ,0","421.0"," ,0","11.9","0","18.4","0","5.3","0"
"USC00180705","BELTSVILLE PLANT STATION, MD US","39.01667","-76.95","29.9","1956","510.4",,"510.4","0","       121","0","        80","0","        7",,"         4","0","         0","0","       116","0","         5","0","       155","0","        32","0","-14.4","0,0128, ","127"," ,0,0120, ","127.0"," ,0,0120, ","54.4"," ,0,0721, ","35.6","0,0703,+","2980.2","2","2980.2","0","900.2"," ,0","305.0"," ,0","12.0","0","18.3","0","5.7","0"
"USC00180705","BELTSVILLE PLANT STATION, MD US","39.01667","-76.95","29.9","1957","571.2",,"571.2","0","       116","0","        77","0","       19",,"        13","0","         4","0","       128","0","        10","0","       154","0","        34","0","-24.4","0,0118, ","305"," ,0,1205, ","203.0"," ,0,1205, ","51.8"," ,0,0917, ","38.3","0,0723,+","2683.9","9","2683.9","0","910.5"," ,0","927.0"," ,0","12.2","0","18.6","0","5.8","0"
"USC00180705","BELTSVILLE PLANT STATION, MD US","39.01667","-76.95","29.9","1958","465.2",,"465.2","0","       110","0","        77","0",,,"        10","0","         0","0","       124","0","        23","0","       163","0","        19","0","-16.1","0,1216,+",,,"406.0"," ,0,0216, ","85.9"," ,0,0320, ","33.9","0,0801,+","2954.9","9","2954.9","0","1126.6"," ,0","1115.0"," ,0","11.0","0","17.1","0","5.0","0"
"USC00180705","BELTSVILLE PLANT STATION, MD US","39.01667","-76.95","29.9","1959","739.1",,"739.1","0","       100","0","        72","0","        3",,"         4","0","         1","0","       120","0","        13","0","       179","0","        43","0","-18.3","0,0118, ","25"," ,0,0128,+","102.0"," ,0,0413, ","59.7"," ,0,0809, ","37.8","0,0701, ","2904.2","2","2904.2","0","864.5"," ,0","293.0"," ,0","12.8","0","19.3","0","6.3","0"
"USC00180705","BELTSVILLE PLANT STATION, MD US","39.01667","-76.95","29.9","1960","494.9",,"494.9","0","        98","0","        70","0","       42",,"         9","0","         2","0","       141","0","        17","0","       170","0","        17","0","-21.7","0,1223, ","356"," ,0,1212, ","356.0"," ,0,1212, ","76.2"," ,0,0912, ","35.0","0,0831, ","2835.3","3","2835.3","0","1014.8"," ,0","1128.0"," ,0","11.3","0","17.8","0","4.8","0"
"USC00180705","BELTSVILLE PLANT STATION, MD US","39.01667","-76.95","29.9","1961","581.3",,"581.3","0","       117","0","        79","0","       33",,"        11","0","        11","0","       124","0","        16","0","       168","0","        29","0","-25.6","0,0122, ","356"," ,0,0212,+","254.0"," ,0,0204, ","47.0"," ,0,0413, ","34.4","0,0904,+","3166.7","7","3166.7","0","971.0"," ,0","1048.0"," ,0","11.7","0","18.1","0","5.4","0"
"USC00180705","BELTSVILLE PLANT STATION, MD US","39.01667","-76.95","29.9","1962","471.8",,"471.8","0","       112","0","        68","0","       29",,"        14","0","         1","0","       137","0","        24","0","       163","0","        20","0","-20.0","0,0211, ","203"," ,0,1230, ","216.0"," ,0,0306, ","59.7"," ,0,1005, ","37.2","0,0821, ","2871.6","6","2871.6","0","915.5"," ,0","1248.0"," ,0","11.2","0","17.6","0","4.8","0"
"USC00180705","BELTSVILLE PLANT STATION, MD US","39.01667","-76.95","29.9","1963","431.2",,"431.2","0","        90","0","        60","0","       34",,"         9","0","         3","0","       128","0","        27","0","       168","0","        23","0","-22.8","0,0129, ","152"," ,0,1224,+","178.0"," ,0,1224, ","77.5"," ,0,0821, ","35.6","0,0727, ","3117.6","6","3117.6","0","1026.4"," ,0","626.0"," ,0","11.1","0","17.8","0","4.3","0"
"USC00180705","BELTSVILLE PLANT STATION, MD US","39.01667","-76.95","29.9","1964","513.0",,"513.0","0","       100","0","        70","0","       26",,"        12","0","         2","0","       129","0","        10","0","       168","0","        33","0","-22.2","0,0115, ","152"," ,0,0212,+","152.0"," ,0,0114, ","42.7"," ,0,0514, ","36.7","0,0701, ","2914.3","3","2914.3","0","830.0"," ,0","1054.0"," ,0","11.9","0","18.7","0","5.2","0"
"USC00180705","BELTSVILLE PLANT STATION, MD US","39.01667","-76.95","29.9","1965","531.9",,"531.9","0","       100","0","        56","0","       21",,"        10","0","         3","0","       127","0","        14","0","       165","0","        35","0","-21.7","0,0131, ","152"," ,0,0111, ","127.0"," ,0,0318,+","50.8"," ,0,0305, ","36.1","0,0819, ","2862.5","5","2862.5","0","745.4"," ,0","642.0"," ,0","11.8","0","18.6","0","4.9","0"
"USC00180705","BELTSVILLE PLANT STATION, MD US","39.01667","-76.95","29.9","1966","565.1",,"565.1","0","        99","0","        66","0","       35",,"        10","0","         1","0","       134","0","        17","0","       160","0","        41","0","-21.1","0,0206, ","635"," ,0,0130, ","381.0"," ,0,0130, ","101.6"," ,0,0915, ","38.3","0,0704, ","2935.6","6","2935.6","0","1027.0"," ,0","1354.0"," ,0","11.7","0","18.2","0","5.2","0"
"USC00180705","BELTSVILLE PLANT STATION, MD US","39.01667","-76.95","29.9","1967","403.1",,"403.1","0","       103","0","        66","0","       30",,"        12","0","         3","0","       125","0","        11","0","       155","0","        11","0","-22.8","0,0208, ","279"," ,0,0210, ","183.0"," ,0,1201, ","74.9"," ,0,0825, ","33.3","0,0617,+","2937.4","4","2937.4","0","1032.8"," ,0","980.0"," ,0","11.3","0","17.7","0","4.9","0"
"USC00180705","BELTSVILLE PLANT STATION, MD US","39.01667","-76.95","29.9","1968","546.5",,"546.5","0","       105","0","        66","0","       16",,"         4","0","         3","0","       116","0","        22","0","       175","0","        28","0","-21.1","0,0102, ","127"," ,0,0312, ","152.0"," ,0,0312, ","55.1"," ,0,0528, ","35.6","0,0825, ","2982.5","5","2982.5","0","994.6"," ,0","343.0"," ,0","12.1","0","18.1","0","5.9","0"
"USC00180705","BELTSVILLE PLANT STATION, MD US","39.01667","-76.95","29.9","1969","609.6",,"609.6","0","       100","0","        70","0","       13",,"         9","0","         0","0","       124","0","        11","0","       172","0","        19","0","-13.3","0,0105, ","102"," ,0,1227,+","152.0"," ,0,1226, ","97.0"," ,0,0810, ","35.6","0,0719, ","2704.5","5","2704.5","0","1086.4"," ,0","690.0"," ,0","12.1","0","17.8","0","6.4","0"
"USC00180705","BELTSVILLE PLANT STATION, MD US","39.01667","-76.95","29.9","1970","652.1",,"652.1","0","       102","0","        83","0","       17",,"         5","0","         0","0","       105","0","        17","0","       165","0","        30","0","-16.1","0,0123, ","102"," ,0,0215,+","102.0"," ,0,0215, ","76.2"," ,0,0710, ","34.4","0,0924,+","2988.3","3","2988.3","0","963.5"," ,0","325.0"," ,0","12.4","0","18.0","0","6.7","0"
"USC00180705","BELTSVILLE PLANT STATION, MD US","39.01667","-76.95","29.9","1971","568.4",,"568.4","0","       100","0","        75","0","        9",,"         4","0","         0","0","        98","0","        17","0","       167","0","        15","0","-13.9","0,0203,+","305"," ,0,0101, ","305.0"," ,0,0101, ","62.2"," ,0,1125, ","33.9","0,0709, ","2770.3","3","2770.3","0","1290.0"," ,0","393.0"," ,0","12.6","0","18.2","0","7.0","0"
"USC00180705","BELTSVILLE PLANT STATION, MD US","39.01667","-76.95","29.9","1972","511.3",,"511.3","0","       130","0","        99","0","        7",,"         6","0","         0","0","        98","0","         8","0","       158","0","        15","0","-16.7","0,0116, ","127"," ,0,0220, ","102.0"," ,0,0224,+","142.2"," ,0,0622, ","35.0","0,0722,+","2463.7","7","2463.7","0","1442.3"," ,0","412.0"," ,0","12.3","0","17.5","0","7.0","0"
"USC00180705","BELTSVILLE PLANT STATION, MD US","39.01667","-76.95","29.9","1973","679.8",,"679.8","0","       107","0","        80","0","        5",,"         3","0","         0","0","        87","0","        12","0","       170","0","        31","0","-12.8","0,0217, ","152"," ,0,1217, ","152.0"," ,0,1217, ","50.8"," ,0,0402, ","36.7","0,0902, ","2588.9","9","2588.9","0","1104.9"," ,0","220.0"," ,0","13.3","0","18.9","0","7.7","0"
"USC00180705","BELTSVILLE PLANT STATION, MD US","39.01667","-76.95","29.9","1974","507.1",,"507.1","0","       116","0","        82","0","        8",,"         6","0","         0","0","       103","0","         5","0","       169","0","        17","0","-15.0","0,0210, ","152"," ,0,0209, ","102.0"," ,0,0209, ","50.8"," ,0,1202, ","34.4","0,0710, ","2467.1","1","2467.1","0","959.6"," ,0","258.0"," ,0","12.6","0","18.4","0","6.7","0"
"USC00180705","BELTSVILLE PLANT STATION, MD US","39.01667","-76.95","29.9","1975","562.6",,"562.6","0","       119","0","        92","0","        8",,"         4","0","         0","0","        97","0","         7","0","       177","0","        14","0","-11.7","0,0210,+","76"," ,0,0205,+","127.0"," ,0,0205, ","129.5"," ,0,0926, ","35.6","0,0827,+","2640.2","2","2640.2","0","1388.4"," ,0","284.0"," ,0","12.8","0","18.3","0","7.4","0"
"USC00180705","BELTSVILLE PLANT STATION, MD US","39.01667","-76.95","29.9","1976","527.1",,"527.1","0","       102","0","        75","0","        3",,"         2","0","         0","0","       121","0","        18","0","       172","0","        25","0","-15.0","0,0119, ","102"," ,0,0310, ","109.0"," ,0,0310, ","74.9"," ,0,0916, ","33.9","0,0629,+","2421.6","6","2421.6","0","1136.2"," ,0","256.0"," ,0","12.1","0","18.0","0","6.1","0"
"USC00180705","BELTSVILLE PLANT STATION, MD US","39.01667","-76.95","29.9","1977","699.0",,"699.0","0","       107","0","        71","0","       26",,"         4","0","         1","0","        93","0","        31","0","       179","0","        38","0","-18.3","0,0117, ","127"," ,0,0107, ","127.0"," ,0,0107, ","64.3"," ,0,1218, ","37.8","0,0707, ","2932.8","8","2932.8","0","865.7"," ,0","251.0"," ,0","12.8","0","18.6","0","7.1","0"
"USC00180705","BELTSVILLE PLANT STATION, MD US","39.01667","-76.95","29.9","1978",,,,,,,,,,,,,,,,,,,,,,,,,,,,,,,,,"2926.8","8","2926.8","0",,,,,,,,,,
"USC00180706","BELTSVILLE PLANT STATION, MD US","39.01667","-76.95","67.1","1949","630.0",,"630.0","0","       106","0","        74","0","        2",,"         2","0","         0","0","        88","0","         2","0","       174","0","        27","0","-10.0","0,1217, ","102"," ,0,0228, ","102.0"," ,0,0228, ","48.5"," ,0,0829, ","36.7","0,0707,+",,,,,"988.0"," ,0","166.0"," ,0","13.4","0","19.4","0","7.5","0"
"USC00180706","BELTSVILLE PLANT STATION, MD US","39.01667","-76.95","67.1","1950","465.3",,"465.3","0","       115","0","        82","0",,,,,"         0","0","       106","0","         9","0","       166","0","        13","0","-13.3","0,1227, ",,,,,"72.9"," ,0,0820, ","34.4","0,0627, ","2523.4","4","2523.4","0","1213.1"," ,0",,,"12.3","0","17.9","0","6.7","0"
"USC00180706","BELTSVILLE PLANT STATION, MD US","39.01667","-76.95","67.1","1951","611.9",,"611.9","0","        98","0","        71","0","       11",,"         2","0","         0","0","        99","0","        12","0","       173","0","        28","0","-16.1","0,1217, ","76"," ,0,0211,+","51.0"," ,0,0208, ","52.8"," ,0,0610, ","35.6","0,0817,+","2629.4","4","2629.4","0","1059.9"," ,0","97.0"," ,0","12.8","0","18.8","0","6.9","0"
"USC00180706","BELTSVILLE PLANT STATION, MD US","39.01667","-76.95","67.1","1952","632.6",,"632.6","0","       123","0","        90","0","        4",,"         5","0","         0","0","       104","0","         3","0","       165","0","        36","0","-13.3","0,0131, ","102"," ,0,0301, ","102.0"," ,0,0301, ","114.3"," ,0,0901, ","37.2","0,0627, ","2546.6","6","2546.6","0","1194.7"," ,0","318.0"," ,0","12.9","0","18.7","0","7.2","0"
"USC00180706","BELTSVILLE PLANT STATION, MD US","39.01667","-76.95","67.1","1953","633.0",,"633.0","0","        98","0","        67","0","        6",,"         5","0","         0","0","        94","0","         3","0","       176","0","        43","0","-11.1","0,1219, ","178"," ,0,1107, ","178.0"," ,0,1107, ","73.9"," ,0,0906, ","39.4","0,0901, ","2464.0","0","2464.0","0","1066.8"," ,0","377.0"," ,0","13.5","0","19.8","0","7.3","0"
"USC00180706","BELTSVILLE PLANT STATION, MD US","39.01667","-76.95","67.1","1954","647.0",,"647.0","0","       112","0","        68","0","       12",,"         6","0","         0","0","       117","0","        12","0","       172","0","        34","0","-15.6","0,0118, ","152"," ,0,0115,+","152.0"," ,0,0111, ","56.6"," ,0,0616, ","39.4","0,0801, ","2546.5","5","2546.5","0","837.1"," ,0","393.0"," ,0","12.8","0","19.1","0","6.6","0"
"USC00180706","BELTSVILLE PLANT STATION, MD US","39.01667","-76.95","67.1","1955","664.7",,"664.7","0","        99","0","        66","0","        9",,"         6","0","         0","0","       114","0","        14","0","       184","0","        33","0","-15.6","0,0203,+","51"," ,0,1119,+","102.0"," ,0,0212, ","161.5"," ,0,0813, ","38.3","0,0803, ","2622.0","0","2622.0","0","1019.4"," ,0","423.0"," ,0","12.7","0","18.5","0","6.9","0"
"USC00180706","BELTSVILLE PLANT STATION, MD US","39.01667","-76.95","67.1","1956","567.6",,"567.6","0","       118","0","        78","0","        7",,"         3","0","         0","0","       100","0","         4","0","       155","0","        34","0","-10.0","0,0224, ","127"," ,0,0120, ","127.0"," ,0,0120, ","50.8"," ,0,0721, ","36.7","0,0615, ","2850.9","9","2850.9","0","845.8"," ,0","280.0"," ,0","12.6","0","18.4","0","6.8","0"
"USC00180706","BELTSVILLE PLANT STATION, MD US","39.01667","-76.95","67.1","1957","695.7",,"695.7","0","       117","0","        76","0","       20",,"        14","0","         2","0","        90","0","        10","0","       158","0","        45","0","-19.4","0,0118, ","305"," ,0,1205, ","203.0"," ,0,1205, ","53.3"," ,0,0917, ","38.9","0,0723,+","2495.5","5","2495.5","0","945.3"," ,0","945.0"," ,0","13.1","0","18.8","0","7.3","0"
"USC00180706","BELTSVILLE PLANT STATION, MD US","39.01667","-76.95","67.1","1958",,,,,"       109","0","        76","0",,,"         8","0",,,,,,,,,,,,,,,"203.0"," ,0,0320, ","77.2"," ,0,0709, ",,,,,,,"1098.2"," ,0","582.0"," ,0",,,,,,
"USC00180706","BELTSVILLE PLANT STATION, MD US","39.01667","-76.95","67.1","1959","810.8",,"810.8","0","       102","0","        74","0","        3",,"         4","0","         0","0","       106","0","        12","0","       184","0","        48","0","-17.2","0,0118, ","25"," ,0,0128,+","102.0"," ,0,0413, ","58.2"," ,0,0809, ","38.9","0,0701, ","2748.5","5","2748.5","0","895.1"," ,0","293.0"," ,0","13.4","0","19.5","0","7.3","0"
"USC00180706","BELTSVILLE PLANT STATION, MD US","39.01667","-76.95","67.1","1960","585.6",,"585.6","0","        99","0","        69","0","       42",,"         9","0","         0","0","       123","0","        17","0","       175","0","        23","0","-17.2","0,1223, ","356"," ,0,1212, ","356.0"," ,0,1212, ","78.7"," ,0,0912, ","35.0","0,0831, ","2696.9","9","2696.9","0","1040.5"," ,0","1128.0"," ,0","12.2","0","18.0","0","6.4","0"
